,frequency_ghz,range_km,rcs_m2,received_power_w,noise_power_w,snr_db,detection_error
frequency_ghz,1.0,-0.0036025339401820383,-0.0004401233319613135,-0.012980584504532332,0.002738348483808524,-0.19488470773611438,0.1639260760538997
range_km,-0.0036025339401820383,1.0,0.0017853427107089313,-0.024179650529862366,-0.0027365774148035878,-0.4825470892673282,0.43855907632062785
rcs_m2,-0.0004401233319613135,0.0017853427107089313,1.0,0.019004411826444554,-0.004279877717463002,0.22297148268758574,-0.18697052693603938
received_power_w,-0.012980584504532332,-0.024179650529862366,0.019004411826444554,1.0,-0.0010430867026811742,0.051373542343922926,-0.028474101905397266
noise_power_w,0.002738348483808524,-0.0027365774148035878,-0.004279877717463002,-0.0010430867026811742,1.0,-0.1940518277949121,0.14116241626431542
snr_db,-0.19488470773611438,-0.4825470892673282,0.22297148268758574,0.051373542343922926,-0.1940518277949121,1.0,-0.8488215366011944
detection_error,0.1639260760538997,0.43855907632062785,-0.18697052693603938,-0.028474101905397266,0.14116241626431542,-0.8488215366011944,1.0
