scenario,samples,mean_snr_db,mean_detection_error,mean_detection_probability,mean_noise_power_w
low_noise,20266,-16.00996781360089,0.325961401427254,0.674038598572746,4.837779340297296e-14
medium_noise,19973,-24.341083098652113,0.3737981109074855,0.6262018890925145,3.098727985966042e-13
high_noise,19761,-32.01392062241135,0.4105771669638289,0.589422833036171,1.9011710124617932e-12
